month_end,wealth,peak,drawdown,in_drawdown,periods_underwater
2018-10,1.025775,1.025775,0.0,0,0
2018-11,1.056797,1.072004,-0.014186,1,20
2018-12,1.018836,1.085775,-0.061651,1,18
2019-01,1.091829,1.091829,0.0,0,0
2019-02,1.216779,1.233058,-0.013202,1,3
2019-03,1.280872,1.280872,0.0,0,0
2019-04,1.313025,1.357525,-0.03278,1,7
2019-05,1.250558,1.357525,-0.078795,1,27
2019-06,1.339546,1.357525,-0.013244,1,46
2019-07,1.376817,1.387651,-0.007807,1,1
2019-08,1.387319,1.390187,-0.002063,1,3
2019-09,1.381918,1.425011,-0.030241,1,14
2019-10,1.407502,1.425011,-0.012287,1,32
2019-11,1.409047,1.448422,-0.027185,1,18
2019-12,1.494993,1.494993,0.0,0,0
2020-01,1.475266,1.533342,-0.037875,1,8
2020-02,1.484029,1.539493,-0.036028,1,6
2020-03,1.423951,1.56299,-0.088957,1,18
2020-04,1.517212,1.56299,-0.029289,1,39
2020-05,1.508571,1.56299,-0.034818,1,57
2020-06,1.619337,1.619337,0.0,0,0
2020-07,1.836014,1.836014,0.0,0,0
2020-08,1.888784,1.895329,-0.003454,1,1
2020-09,1.874095,1.910149,-0.018875,1,8
2020-10,1.960177,1.980534,-0.010279,1,1
2020-11,2.085414,2.095605,-0.004863,1,1
2020-12,2.215885,2.215885,0.0,0,0
2021-01,2.295847,2.377615,-0.034391,1,4
2021-02,2.300276,2.448225,-0.060431,1,7
2021-03,2.191808,2.448225,-0.104736,1,30
2021-04,2.221651,2.448225,-0.092546,1,51
2021-05,2.292798,2.448225,-0.063486,1,69
2021-06,2.267645,2.448225,-0.07376,1,90
2021-07,2.093737,2.448225,-0.144794,1,112
2021-08,2.129377,2.448225,-0.130236,1,134
2021-09,2.194264,2.448225,-0.103733,1,154
2021-10,2.235208,2.448225,-0.087009,1,170
2021-11,2.169243,2.448225,-0.113953,1,192
2021-12,2.252773,2.448225,-0.079834,1,215
2022-01,2.159573,2.448225,-0.117903,1,234
2022-02,2.172389,2.448225,-0.112668,1,250
2022-03,2.059557,2.448225,-0.158755,1,273
2022-04,2.054762,2.448225,-0.160714,1,292
2022-05,2.068935,2.448225,-0.154925,1,311
2022-06,2.217268,2.448225,-0.094337,1,332
2022-07,2.103664,2.448225,-0.140739,1,353
2022-08,2.098077,2.448225,-0.143021,1,376
2022-09,2.010937,2.448225,-0.178615,1,397
2022-10,1.861888,2.448225,-0.239495,1,413
2022-11,2.045007,2.448225,-0.164698,1,435
2022-12,2.061848,2.448225,-0.157819,1,457
2023-01,2.164063,2.448225,-0.116068,1,473
2023-02,2.133121,2.448225,-0.128707,1,493
2023-03,2.11796,2.448225,-0.1349,1,516
2023-04,2.138837,2.448225,-0.126372,1,535
2023-05,2.019104,2.448225,-0.175279,1,555
2023-06,2.058558,2.448225,-0.159163,1,575
2023-07,2.173684,2.448225,-0.112139,1,596
2023-08,2.066202,2.448225,-0.156041,1,619
2023-09,2.055156,2.448225,-0.160553,1,639
2023-10,2.015826,2.448225,-0.176617,1,656
2023-11,1.974176,2.448225,-0.19363,1,678
2023-12,1.957355,2.448225,-0.2005,1,699
2024-01,1.911805,2.448225,-0.219106,1,721
2024-02,2.028459,2.448225,-0.171457,1,736
2024-03,2.037804,2.448225,-0.16764,1,757
2024-04,2.08785,2.448225,-0.147199,1,777
2024-05,2.09375,2.448225,-0.144789,1,797
2024-06,2.053246,2.448225,-0.161333,1,816
2024-07,2.079817,2.448225,-0.15048,1,839
2024-08,2.051098,2.448225,-0.16221,1,861
2024-09,2.373059,2.448225,-0.030702,1,880
2024-10,2.295367,2.448225,-0.062436,1,898
2024-11,2.282751,2.448225,-0.06759,1,919
2024-12,2.290714,2.448225,-0.064337,1,941
2025-01,2.225861,2.448225,-0.090827,1,959
2025-02,2.258241,2.448225,-0.077601,1,977
2025-03,2.282111,2.448225,-0.067851,1,998
2025-04,2.239232,2.448225,-0.085365,1,1019
2025-05,2.270551,2.448225,-0.072573,1,1038
2025-06,2.29223,2.448225,-0.063718,1,1058
2025-07,2.345891,2.448225,-0.041799,1,1081
2025-08,2.443408,2.462763,-0.007859,1,3
2025-09,2.436693,2.462763,-0.010586,1,25
2025-10,2.451876,2.463509,-0.004722,1,4
2025-11,2.423069,2.490252,-0.026979,1,11
2025-12,2.418497,2.490252,-0.028815,1,34
2026-01,2.378609,2.490252,-0.044832,1,54
2026-02,2.366653,2.490252,-0.049633,1,68
2026-03,2.304039,2.490252,-0.074777,1,90
2026-04,2.323367,2.490252,-0.067015,1,111
2026-05,2.230782,2.490252,-0.104194,1,129
2026-06,2.123055,2.490252,-0.147454,1,150
2026-07,2.300157,2.490252,-0.076336,1,173
2026-08,2.251242,2.490252,-0.095978,1,194
2026-09,2.19545,2.490252,-0.118382,1,212
